film,status
Toy Story,Award not yet introduced
Toy Story,Nominated
Toy Story,Ineligible
Toy Story,Won Special Achievement
A Bug's Life,Award not yet introduced
A Bug's Life,Ineligible
A Bug's Life,Nominated
Toy Story 2,Award not yet introduced
Toy Story 2,Ineligible
Toy Story 2,Nominated
"Monsters, Inc.",Nominated
"Monsters, Inc.",Ineligible
"Monsters, Inc.",Won
Finding Nemo,Won
Finding Nemo,Nominated
Finding Nemo,Ineligible
The Incredibles,Won
The Incredibles,Nominated
The Incredibles,Ineligible
Cars,Nominated
Cars,Ineligible
Ratatouille,Won
Ratatouille,Nominated
Ratatouille,Ineligible
WALL-E,Won
WALL-E,Nominated
WALL-E,Ineligible
Up,Nominated
Up,Won
Up,Ineligible
Toy Story 3,Nominated
Toy Story 3,Won
Toy Story 3,Ineligible
Cars 2,Ineligible
Brave,Won
Brave,Ineligible
Monsters University,Ineligible
Inside Out,Won
Inside Out,Nominated
Inside Out,Ineligible
The Good Dinosaur,Ineligible
Finding Dory,Ineligible
Cars 3,Ineligible
Coco,Won
Coco,Ineligible
Incredibles 2,Nominated
Incredibles 2,Ineligible
Toy Story 4,Won
Toy Story 4,Ineligible
Toy Story 4,Nominated
Onward,Nominated
Onward,Ineligible
Soul,Won
Soul,Ineligible
Soul,Nominated
Luca,Nominated
Luca,Ineligible
Turning Red,Nominated
Turning Red,Ineligible
Lightyear,Ineligible
Elemental,Nominated
Elemental,Ineligible
Inside Out 2,Ineligible
Inside Out 2,Nominated
