film,release_date,rotten_tomatoes_score,rotten_tomatoes_counts,metacritic_score,metacritic_counts,cinema_score,imdb_score,imdb_counts,budget,box_office_worldwide,franchise
Toy Story,1995-11-22,100,96,95,26,A,8.3,1089101,30000000.0,394436586,Toy Story
A Bug's Life,1998-11-25,92,91,78,23,A,7.2,319596,120000000.0,363258859,A Bug's Life
Toy Story 2,1999-11-24,100,172,88,34,A+,7.9,630573,90000000.0,511358276,Toy Story
"Monsters, Inc.",2001-11-02,96,199,79,35,A+,8.1,1000657,115000000.0,528773250,"Monsters, Inc. & University"
Finding Nemo,2003-05-30,99,270,90,38,A+,8.2,1132877,94000000.0,871014978,Finding Nemo/Dory
The Incredibles,2004-11-05,97,250,90,41,A+,8.0,828986,92000000.0,631442092,The Incredibles
Cars,2006-06-09,75,204,73,39,A,7.2,484034,120000000.0,461983149,Cars
Ratatouille,2007-06-29,96,253,96,37,A,8.1,851229,150000000.0,623726085,Ratatouille
WALL-E,2008-06-27,95,261,95,39,A,8.4,1226415,180000000.0,521311860,WALL-E
Up,2009-05-29,98,297,88,37,A+,8.3,1151249,175000000.0,735099082,Up
Toy Story 3,2010-06-18,98,313,92,39,A,8.3,908222,200000000.0,1066969703,Toy Story
Cars 2,2011-06-24,40,220,57,38,A-,6.2,225724,200000000.0,559852396,Cars
Brave,2012-06-22,79,256,69,37,A,7.1,452012,185000000.0,538983207,Brave
Monsters University,2013-06-21,80,203,65,41,A,7.2,398903,200000000.0,743559607,"Monsters, Inc. & University"
Inside Out,2015-06-19,98,387,94,55,A,8.1,834268,175000000.0,857611174,Inside Out 1 & 2
The Good Dinosaur,2015-11-25,75,220,66,37,A,6.7,130324,175000000.0,332207671,The Good Dinosaur
Finding Dory,2016-06-17,94,339,77,48,A,7.2,311793,200000000.0,1028570889,Finding Nemo/Dory
Cars 3,2017-06-16,69,234,59,41,A,6.7,128849,175000000.0,383930656,Cars
Coco,2017-11-22,97,357,81,48,A+,8.4,618005,175000000.0,814641172,Coco
Incredibles 2,2018-06-15,93,390,80,51,A+,7.5,341353,200000000.0,1242805359,The Incredibles
Toy Story 4,2019-06-21,97,459,84,57,A,7.6,288783,200000000.0,1073394593,Toy Story
Onward,2020-03-06,88,350,64,56,A-,7.4,174917,175000000.0,141940042,Onward
Soul,2020-12-25,95,360,83,55,,8.0,392783,150000000.0,121903885,Soul
Luca,2021-06-18,91,303,71,52,,7.4,202404,135000000.0,51112314,Luca
Turning Red,2022-03-11,95,289,83,52,,7.0,158649,175000000.0,21813358,Turning Red
Lightyear,2022-06-17,74,319,60,57,A-,6.1,127045,200000000.0,226425420,Toy Story
Elemental,2023-06-16,73,262,58,45,A,7.0,140174,200000000.0,496444308,Elemental
Inside Out 2,2024-06-14,90,313,73,59,A,7.6,168090,200000000.0,1698030965,Inside Out 1 & 2
