film,value
Toy Story,Adventure
Toy Story,Animation
Toy Story,Comedy
Toy Story,Buddy Comedy
Toy Story,Computer Animation
Toy Story,Fantasy
Toy Story,Supernatural Fantasy
Toy Story,Urban Adventure
A Bug's Life,Adventure
A Bug's Life,Animation
A Bug's Life,Comedy
A Bug's Life,Animal Adventure
A Bug's Life,Computer Animation
A Bug's Life,Quest
Toy Story 2,Adventure
Toy Story 2,Animation
Toy Story 2,Comedy
Toy Story 2,Computer Animation
Toy Story 2,Fantasy
Toy Story 2,Quest
Toy Story 2,Supernatural Fantasy
Toy Story 2,Urban Adventure
"Monsters, Inc.",Adventure
"Monsters, Inc.",Animation
"Monsters, Inc.",Comedy
"Monsters, Inc.",Buddy Comedy
"Monsters, Inc.",Computer Animation
"Monsters, Inc.",Fantasy
"Monsters, Inc.",Supernatural Fantasy
"Monsters, Inc.",Urban Adventure
Finding Nemo,Adventure
Finding Nemo,Animation
Finding Nemo,Comedy
Finding Nemo,Animal Adventure
Finding Nemo,Buddy Comedy
Finding Nemo,Computer Animation
Finding Nemo,Quest
Finding Nemo,Sea Adventure
The Incredibles,Action
The Incredibles,Adventure
The Incredibles,Animation
The Incredibles,Computer Animation
The Incredibles,Superhero
The Incredibles,Urban Adventure
Cars,Adventure
Cars,Animation
Cars,Comedy
Cars,Computer Animation
Cars,Motorsport
Cars,Sport
Ratatouille,Adventure
Ratatouille,Animation
Ratatouille,Comedy
Ratatouille,Animal Adventure
Ratatouille,Computer Animation
Ratatouille,Fantasy
WALL-E,Adventure
WALL-E,Animation
WALL-E,Family
WALL-E,Adventure Epic
WALL-E,Artificial Intelligence
WALL-E,Computer Animation
WALL-E,Dystopian Sci-Fi
WALL-E,Sci-Fi
WALL-E,Space Sci-Fi
Up,Adventure
Up,Animation
Up,Comedy
Up,Coming-of-Age
Up,Computer Animation
Up,Globetrotting Adventure
Toy Story 3,Adventure
Toy Story 3,Animation
Toy Story 3,Comedy
Toy Story 3,Computer Animation
Toy Story 3,Fantasy
Toy Story 3,Supernatural Fantasy
Toy Story 3,Urban Adventure
Cars 2,Adventure
Cars 2,Animation
Cars 2,Comedy
Cars 2,Car Action
Cars 2,Computer Animation
Cars 2,Crime
Cars 2,Motorsport
Cars 2,Sport
Cars 2,Spy
Brave,Action
Brave,Adventure
Brave,Animation
Brave,Coming-of-Age
Brave,Computer Animation
Brave,Fairy Tale
Brave,Quest
Brave,Sword & Sorcery
Brave,Teen Adventure
Monsters University,Adventure
Monsters University,Animation
Monsters University,Comedy
Monsters University,Computer Animation
Monsters University,Fantasy
Inside Out,Adventure
Inside Out,Animation
Inside Out,Comedy
Inside Out,Coming-of-Age
Inside Out,Computer Animation
Inside Out,Fantasy
The Good Dinosaur,Action
The Good Dinosaur,Adventure
The Good Dinosaur,Animation
The Good Dinosaur,Animal Adventure
The Good Dinosaur,Buddy Comedy
The Good Dinosaur,Computer Animation
The Good Dinosaur,Dinosaur Adventure
Finding Dory,Adventure
Finding Dory,Animation
Finding Dory,Comedy
Finding Dory,Animal Adventure
Finding Dory,Computer Animation
Finding Dory,Fantasy
Finding Dory,Sea Adventure
Cars 3,Adventure
Cars 3,Animation
Cars 3,Comedy
Cars 3,Car Action
Cars 3,Computer Animation
Cars 3,Motorsport
Cars 3,Sport
Coco,Adventure
Coco,Animation
Coco,Drama
Coco,Computer Animation
Coco,Fantasy
Coco,Music
Coco,Mystery
Coco,Supernatural Fantasy
Incredibles 2,Action
Incredibles 2,Adventure
Incredibles 2,Animation
Incredibles 2,Computer Animation
Incredibles 2,Sci-Fi
Incredibles 2,Superhero
Incredibles 2,Urban Adventure
Toy Story 4,Adventure
Toy Story 4,Animation
Toy Story 4,Comedy
Toy Story 4,Computer Animation
Toy Story 4,Fantasy
Toy Story 4,Road Trip
Toy Story 4,Supernatural Fantasy
Toy Story 4,Urban Adventure
Onward,Adventure
Onward,Animation
Onward,Comedy
Onward,Computer Animation
Onward,Fantasy Epic
Onward,Quest
Onward,Supernatural Fantasy
Onward,Sword & Sorcery
Soul,Adventure
Soul,Animation
Soul,Comedy
Soul,Computer Animation
Soul,Fantasy
Soul,Music
Luca,Adventure
Luca,Animation
Luca,Comedy
Luca,Coming-of-Age
Luca,Computer Animation
Luca,Fairy Tale
Luca,Fantasy
Luca,Sea Adventure
Turning Red,Adventure
Turning Red,Animation
Turning Red,Comedy
Turning Red,Coming-of-Age
Turning Red,Computer Animation
Turning Red,Fantasy
Turning Red,Music
Turning Red,Teen Comedy
Lightyear,Action
Lightyear,Adventure
Lightyear,Animation
Lightyear,Computer Animation
Lightyear,Sci-Fi
Lightyear,Space Sci-Fi
Lightyear,Superhero
Lightyear,Time Travel
Elemental,Adventure
Elemental,Animation
Elemental,Comedy
Elemental,Computer Animation
Elemental,Fantasy
Elemental,Romance
Elemental,Urban Adventure
Inside Out 2,Adventure
Inside Out 2,Animation
Inside Out 2,Comedy
Inside Out 2,Coming-of-Age
Inside Out 2,Computer Animation
Inside Out 2,Quest
Inside Out 2,Teen Comedy
Inside Out 2,Teen Drama
