film,release_date
Toy Story,1995-11-22
A Bug's Life,1998-11-25
Toy Story 2,1999-11-24
"Monsters, Inc.",2001-11-02
Finding Nemo,2003-05-30
The Incredibles,2004-11-05
Cars,2006-06-09
Ratatouille,2007-06-29
WALL-E,2008-06-27
Up,2009-05-29
Toy Story 3,2010-06-18
Cars 2,2011-06-24
Brave,2012-06-22
Monsters University,2013-06-21
Inside Out,2015-06-19
The Good Dinosaur,2015-11-25
Finding Dory,2016-06-17
Cars 3,2017-06-16
Coco,2017-11-22
Incredibles 2,2018-06-15
Toy Story 4,2019-06-21
Onward,2020-03-06
Soul,2020-12-25
Luca,2021-06-18
Turning Red,2022-03-11
Lightyear,2022-06-17
Elemental,2023-06-16
Inside Out 2,2024-06-14
