number,film,release_date,imdb_score,budget,box_office_worldwide,franchise
1,Toy Story,1995-11-22,8.3,30000000.0,394436586,Toy Story
2,A Bug's Life,1998-11-25,7.2,120000000.0,363258859,A Bug's Life
3,Toy Story 2,1999-11-24,7.9,90000000.0,511358276,Toy Story
4,"Monsters, Inc.",2001-11-02,8.1,115000000.0,528773250,"Monsters, Inc. & University"
5,Finding Nemo,2003-05-30,8.2,94000000.0,871014978,Finding Nemo/Dory
6,The Incredibles,2004-11-05,8.0,92000000.0,631442092,The Incredibles
7,Cars,2006-06-09,7.2,120000000.0,461983149,Cars
8,Ratatouille,2007-06-29,8.1,150000000.0,623726085,Ratatouille
9,WALL-E,2008-06-27,8.4,180000000.0,521311860,WALL-E
10,Up,2009-05-29,8.3,175000000.0,735099082,Up
11,Toy Story 3,2010-06-18,8.3,200000000.0,1066969703,Toy Story
12,Cars 2,2011-06-24,6.2,200000000.0,559852396,Cars
13,Brave,2012-06-22,7.1,185000000.0,538983207,Brave
14,Monsters University,2013-06-21,7.2,200000000.0,743559607,"Monsters, Inc. & University"
15,Inside Out,2015-06-19,8.1,175000000.0,857611174,Inside Out 1 & 2
16,The Good Dinosaur,2015-11-25,6.7,175000000.0,332207671,The Good Dinosaur
17,Finding Dory,2016-06-17,7.2,200000000.0,1028570889,Finding Nemo/Dory
18,Cars 3,2017-06-16,6.7,175000000.0,383930656,Cars
19,Coco,2017-11-22,8.4,175000000.0,814641172,Coco
20,Incredibles 2,2018-06-15,7.5,200000000.0,1242805359,The Incredibles
21,Toy Story 4,2019-06-21,7.6,200000000.0,1073394593,Toy Story
22,Onward,2020-03-06,7.4,175000000.0,141940042,Onward
23,Soul,2020-12-25,8.0,150000000.0,121903885,Soul
24,Luca,2021-06-18,7.4,135000000.0,51112314,Luca
25,Turning Red,2022-03-11,7.0,175000000.0,21813358,Turning Red
26,Lightyear,2022-06-17,6.1,200000000.0,226425420,Toy Story
27,Elemental,2023-06-16,7.0,200000000.0,496444308,Elemental
28,Inside Out 2,2024-06-14,7.6,200000000.0,1698030965,Inside Out 1 & 2
